id ,name,phonenumber,email,position,salary
1,amenda,9043306546,AvaTech.com,Department Director,80000
2,Amelia,9854676349,AmeliaTech.com,Manager,60000
3,Abigail,9094539719,AbigailTech.com,Team Lead,55000
4,Addison,9710830180,AddisonTech.com,Marketing Associate,60000
5,Aria,9842103487,AriaTech.com,Software Engineer,50000
6,Amelia,8765578943,AmeliaTech.com,Marketing Specialist,75000
7,Ashley,6843959486,AshleyTech.com,Software Engineer,60000
8,Audrey,9685437468,AudreyTech.com,Marketing Manager,45000
9,Anna,5869340687,AnnaTech.com,Software Engineer Lead,65000
10,Alexis,9056895436,AlexisTech.com,Independent Contractor,65000
11,Andromeda,9786430593,AndromedaTech.com,Consultant,50000
12,Astrid,9685437532,AstridTech.com,Data scientist,85000
13,Amara,8543506464,AmaraTech.com,Graphic designer,80000
14,Ainsley,4069658324,AinsleyTech.com,Business Manager,75000
15,Aurora,9865437654,AuroraTech.com,Security Analyst ,75000
16,Aspen,9765346578,AspenTech.com,Consultant,50000
17,Arabella,4903480058,ArabellaTech.com,Cybersecurity professional,80000
18,Alice,9005473860,AliceTech.com,Security Assisstant,55000
19,Althea,7869005697,AltheaTech.com,Security Engineer ,60000
20,Aquila,6785496457,AquilaTech.com,Data analyst,85000
21,Aiden,8697900456,AidenTech.com,Peneteration Tester,60000
22,Alexander,8004596786,AlexanderTech.com,Security Architect,55000
23,Anthony,9120344560,AnthonyTech.com,Forensics,90000
24,Andrew,9608745674,AndrewTech.com,Security Adminstrator,70000
25,Asher,9065465684,AsherTech.com,Application security,60000
26,Austin,9043306546,AustinTech.com,Chief information officer,90000
27,Adam,9854676349,AdamTech.com,Ethical Hacker,80000
28,Aaron,9094539719,AaronTech.com,Network security,80000
29,Arthur,9710830180,ArthurTech.com,Audit,75000
30,Abraham,9842103487,AbrahamTech.com,Vulnerability mangaement,70000
31,Atticus,8765578943,AtticusTech.com,Incident Response team,70000
32,Atlas,6843959486,AtlasTech.com,Data loss prevention,70000
33,Adrian,9685437468,AdrianTech.com,Security consultant,60000
34,Axel,5869340687,AxelTech.com,Network engineer,75000
35,Alistair,9056895436,AlistairTech.com,Cloud Security,75000
36,Ambrose,9786430593,AmbroseTech.com,Department Director,80000
37,Ansel,9685437532,AnselTech.com,Manager,60000
38,Archer,8543506464,ArcherTech.com,Team Lead,55000
39,August,4069658324,AugustTech.com,Marketing Associate,60000
40,Atreyu,9865437654,AtreyuTech.com,Software Engineer,50000
41,Beatrix,9765346578,BeatrixTech.com,Marketing Specialist,75000
42,Blair,4903480058,BlairTech.com,Software Engineer,60000
43,Brynlee,9005473860,BrynleeTech.com,Marketing Manager,45000
44,Brielle,7869005697,BrielleTech.com,Software Engineer Lead,65000
45,Bianca,6785496457,BiancaTech.com,Independent Contractor,65000
46,Bellamy,8697900456,BellamyTech.com,Consultant,50000
47,Harlow,8004596786,HarlowTech.com,Data scientist,85000
48,Blakely,9120344560,BlakelyTech.com,Graphic designer,80000
49,Bernadette,9608745674,BernadetteTech.com,Business Manager,75000
50,Bella,9065465684,BellaTech.com,Security Analyst ,75000
51,Bianca,9043306546,BiancaTech.com,Consultant,50000
52,Brooklyn,9854676349,BrooklynTech.com,Cybersecurity professional,80000
53,Brianna,9094539719,BriannaTech.com,Security Assisstant,55000
54,Bailey,9710830180,BaileyTech.com,Security Engineer ,60000
55,Brooke,9842103487,BrookeTech.com,Data analyst,85000
56,Blair,8765578943,BlairTech.com,Peneteration Tester,60000
57,Bernadette,6843959486,BernadetteTech.com,Security Architect,55000
58,Brittany,9685437468,BrittanyTech.com,Forensics,90000
59,Bridget,5869340687,BridgetTech.com,Security Adminstrator,70000
60,Benjamin,9056895436,BenjaminTech.com,Application security,60000
61,Blake,9786430593,BlakeTech.com,Chief information officer,90000
62,Brandon,9685437532,BrandonTech.com,Ethical Hacker,80000
63,Brayden,8543506464,BraydenTech.com,Network security,80000
64,Bryson,4069658324,BrysonTech.com,Audit,75000
65,Bradley,9865437654,BradleyTech.com,Vulnerability mangaement,70000
66,Bryan,9765346578,BryanTech.com,Incident Response team,70000
67,Brooks,4903480058,BrooksTech.com,Data loss prevention,70000
68,Brody,9005473860,BrodyTech.com,Security consultant,60000
69,Benjamin,7869005697,BenjaminTech.com,Network engineer,75000
70,Beckett,6785496457,BeckettTech.com,Cloud Security,75000
71,Bellamy,8697900456,BellamyTech.com,Cloud Security,75000
72,Boone,8004596786,BooneTech.com,Department Director,80000
73,Bowie,9120344560,BowieTech.com,Manager,60000
74,Basil,9608745674,BasilTech.com,Team Lead,55000
75,Barrett,9065465684,BarrettTech.com,Marketing Associate,60000
76,Blackwood,9043306546,BlackwoodTech.com,Software Engineer,50000
77,Briar,9854676349,BriarTech.com,Marketing Specialist,75000
78,Bash,9094539719,BashTech.com,Software Engineer,60000
79,Chloe,9710830180,ChloeTech.com,Marketing Manager,45000
80,Charlotte,9842103487,CharlotteTech.com,Software Engineer Lead,65000
81,Claire,8765578943,ClaireTech.com,Independent Contractor,65000
82,Camila,6843959486,CamilaTech.com,Consultant,50000
83,Caroline,9685437468,CarolineTech.com,Data scientist,85000
84,Clara,5869340687,ClaraTech.com,Graphic designer,80000
85,Cora,9056895436,CoraTech.com,Business Manager,75000
86,Cassandra,9786430593,CassandraTech.com,Security Analyst ,75000
87,Catherine,9685437532,CatherineTech.com,Consultant,50000
88,Courtney,8543506464,CourtneyTech.com,Cybersecurity professional,80000
89,Christopher,4069658324,ChristopherTech.com,Security Assisstant,55000
90,Charles,9865437654,CharlesTech.com,Security Engineer ,60000
91,Caleb,9765346578,CalebTech.com,Data analyst,85000
92,Carter,4903480058,CarterTech.com,Peneteration Tester,60000
93,Cameron,9005473860,CameronTech.com,Security Architect,55000
94,Connor,7869005697,ConnorTech.com,Forensics,90000
95,Cody,6785496457,CodyTech.com,Security Adminstrator,70000
96,Colin,8697900456,ColinTech.com,Application security,60000
97,Christian,8004596786,ChristianTech.com,Chief information officer,90000
98,Craig,9120344560,CraigTech.com,Ethical Hacker,80000
99,Daisy,9608745674,DaisyTech.com,Network security,80000
100,Delilah,9065465684,DelilahTech.com,Audit,75000
101,Danielle,9043306546,DanielleTech.com,Vulnerability mangaement,70000
102,Diana,9854676349,DianaTech.com,Incident Response team,70000
103,Dylan,9094539719,DylanTech.com,Data loss prevention,70000
104,Dakota,9710830180,DakotaTech.com,Security consultant,60000
105,Delaney,9842103487,DelaneyTech.com,Network engineer,75000
106,Dora,8765578943,DoraTech.com,Cloud Security,75000
107,Drew,6843959486,DrewTech.com,Department Director,80000
108,Daphne,9685437468,DaphneTech.com,Manager,60000
109,Daniel,5869340687,DanielTech.com,Team Lead,55000
110,David,9056895436,DavidTech.com,Marketing Associate,60000
111,Derek,9786430593,DerekTech.com,Software Engineer,50000
112,Dylan,9685437532,DylanTech.com,Marketing Specialist,75000
113,Diego,8543506464,DiegoTech.com,Software Engineer,60000
114,Dominic,4069658324,DominicTech.com,Marketing Manager,45000
115,Dustin,9865437654,DustinTech.com,Software Engineer Lead,65000
116,Douglas,9765346578,DouglasTech.com,Independent Contractor,65000
117,Drew,4903480058,DrewTech.com,Consultant,50000
118,Dean,9005473860,DeanTech.com,Data scientist,85000
119,Emma,7869005697,EmmaTech.com,Graphic designer,80000
120,Evelyn,6785496457,EvelynTech.com,Business Manager,75000
121,Ella,8697900456,EllaTech.com,Security Analyst ,75000
122,Elizabeth,8004596786,ElizabethTech.com,Consultant,50000
123,Emily,9120344560,EmilyTech.com,Cybersecurity professional,80000
124,Eleanor,9608745674,EleanorTech.com,Security Assisstant,55000
125,Ellie,9065465684,EllieTech.com,Security Engineer ,60000
126,Emilia,9043306546,EmiliaTech.com,Data analyst,85000
127,Everly,9854676349,EverlyTech.com,Peneteration Tester,60000
128,Eliana,9094539719,ElianaTech.com,Security Architect,55000
129,Elijah,9710830180,ElijahTech.com,Forensics,90000
130,Ethan,9842103487,EthanTech.com,Security Adminstrator,70000
131,Elias,8765578943,EliasTech.com,Application security,60000
132,Ezra,6843959486,EzraTech.com,Chief information officer,90000
133,Evan,9685437468,EvanTech.com,Ethical Hacker,80000
134,Elliott,5869340687,ElliottTech.com,Network security,80000
135,Edward,9056895436,EdwardTech.com,Audit,75000
136,Eric,9786430593,EricTech.com,Vulnerability mangaement,70000
137,Emmanuel,9685437532,EmmanuelTech.com,Incident Response team,70000
138,Emilio,8543506464,EmilioTech.com,Data loss prevention,70000
139,Fiona,4069658324,FionaTech.com,Security consultant,60000
140,Faith,9865437654,FaithTech.com,Network engineer,75000
141,Freya,9765346578,FreyaTech.com,Cloud Security,75000
142,Florence,4903480058,FlorenceTech.com,Department Director,80000
143,Frankie,9005473860,FrankieTech.com,Manager,60000
144,Francesca,7869005697,FrancescaTech.com,Team Lead,55000
145,Felicity,6785496457,FelicityTech.com,Marketing Associate,60000
146,Finley,8697900456,FinleyTech.com,Software Engineer,50000
147,Fatima,8004596786,FatimaTech.com,Marketing Specialist,75000
148,Flora,9120344560,FloraTech.com,Software Engineer,60000
149,Felix,9608745674,FelixTech.com,Marketing Manager,45000
150,Finn,9065465684,FinnTech.com,Software Engineer Lead,65000
151,Frederick,9043306546,FrederickTech.com,Independent Contractor,65000
152,Francisco,9854676349,FranciscoTech.com,Consultant,50000
153,Franklin,9094539719,FranklinTech.com,Data scientist,85000
154,Finley,9710830180,FinleyTech.com,Graphic designer,80000
155,Fabian,9842103487,FabianTech.com,Business Manager,75000
156,Fitzgerald,8765578943,FitzgeraldTech.com,Security Analyst ,75000
157,Francis,6843959486,FrancisTech.com,Consultant,50000
158,Forrest,9685437468,ForrestTech.com,Cybersecurity professional,80000
159,Gabriella,5869340687,GabriellaTech.com,Security Assisstant,55000
160,Grace,9056895436,GraceTech.com,Security Engineer ,60000
161,Genevieve,9786430593,GenevieveTech.com,Data analyst,85000
162,Georgia,9685437532,GeorgiaTech.com,Peneteration Tester,60000
163,Gianna,8543506464,GiannaTech.com,Security Architect,55000
164,Gwen,4069658324,GwenTech.com,Forensics,90000
165,Hailey,9865437654,HaileyTech.com,Security Adminstrator,70000
166,Hannah,9765346578,HannahTech.com,Application security,60000
167,Harper,4903480058,HarperTech.com,Chief information officer,90000
168,Isabella,9005473860,IsabellaTech.com,Ethical Hacker,80000
169,Gabriel,7869005697,GabrielTech.com,Network security,80000
170,Gavin,6785496457,GavinTech.com,Audit,75000
171,Grayson,8697900456,GraysonTech.com,Vulnerability mangaement,70000
172,Gregory,8004596786,GregoryTech.com,Incident Response team,70000
173,George,9120344560,GeorgeTech.com,Data loss prevention,70000
174,Guillermo,9608745674,GuillermoTech.com,Security consultant,60000
175,Grant,9065465684,GrantTech.com,Network engineer,75000
176,Graham,9043306546,GrahamTech.com,Cloud Security,75000
177,Gunner,9854676349,GunnerTech.com,Cloud Security,80000
178,Garrett,9094539719,GarrettTech.com,Department Director,60000
179,Hannah,9710830180,HannahTech.com,Manager,55000
180,Harper,9842103487,HarperTech.com,Team Lead,60000
181,Hailey,8765578943,HaileyTech.com,Marketing Associate,50000
182,Hayden,6843959486,HaydenTech.com,Software Engineer,75000
183,Hazel,9685437468,HazelTech.com,Marketing Specialist,60000
184,Heidi,5869340687,HeidiTech.com,Software Engineer,45000
185,Holly,9056895436,HollyTech.com,Marketing Manager,65000
186,Hope,9786430593,HopeTech.com,Software Engineer Lead,65000
187,Harmony,9685437532,HarmonyTech.com,Independent Contractor,50000
188,Helena,8543506464,HelenaTech.com,Consultant,85000
189,Henry,4069658324,HenryTech.com,Data scientist,80000
190,Hudson,9865437654,HudsonTech.com,Graphic designer,75000
191,Hunter,9765346578,HunterTech.com,Business Manager,75000
192,Harrison,4903480058,HarrisonTech.com,Security Analyst ,50000
193,Hayden,9005473860,HaydenTech.com,Consultant,80000
194,Hugo,7869005697,HugoTech.com,Cybersecurity professional,55000
195,Harold,6785496457,HaroldTech.com,Security Assisstant,60000
196,Hector,8697900456,HectorTech.com,Security Engineer ,85000
197,Holden,8004596786,HoldenTech.com,Data analyst,60000
198,Harris,9120344560,HarrisTech.com,Peneteration Tester,55000
199,Isabella,9608745674,IsabellaTech.com,Security Architect,90000
200,Isla,9065465684,IslaTech.com,Forensics,70000
201,Iris,9043306546,IrisTech.com,Security Adminstrator,60000
202,Ivy,9854676349,IvyTech.com,Application security,90000
203,Isabelle,9094539719,IsabelleTech.com,Chief information officer,80000
204,Ingrid,9710830180,IngridTech.com,Ethical Hacker,80000
205,Inara,9842103487,InaraTech.com,Network security,75000
206,Irene,8765578943,IreneTech.com,Audit,70000
207,Iman,6843959486,ImanTech.com,Vulnerability mangaement,70000
208,Isadora,9685437468,IsadoraTech.com,Incident Response team,70000
209,Isaac,5869340687,IsaacTech.com,Data loss prevention,60000
210,Isaiah,9056895436,IsaiahTech.com,Security consultant,75000
211,Ismael,9786430593,IsmaelTech.com,Network engineer,75000
212,Idris,9685437532,IdrisTech.com,Cloud Security,80000
213,Ian,8543506464,IanTech.com,Department Director,60000
214,Israel,4069658324,IsraelTech.com,Manager,55000
215,Ignacio,9865437654,IgnacioTech.com,Team Lead,60000
216,Ivan,9765346578,IvanTech.com,Marketing Associate,50000
217,Ibrahim,4903480058,IbrahimTech.com,Software Engineer,75000
218,Ivar,9005473860,IvarTech.com,Marketing Specialist,60000
219,Jessica,7869005697,JessicaTech.com,Software Engineer,45000
220,Jennifer,6785496457,JenniferTech.com,Marketing Manager,65000
221,Julia,8697900456,JuliaTech.com,Software Engineer Lead,65000
222,Josephine,8004596786,JosephineTech.com,Independent Contractor,50000
223,Jasmine,9120344560,JasmineTech.com,Consultant,85000
224,Jenna,9608745674,JennaTech.com,Data scientist,80000
225,Jordyn,9065465684,JordynTech.com,Graphic designer,75000
226,Joan,9043306546,JoanTech.com,Business Manager,75000
227,Joyce,9854676349,JoyceTech.com,Security Analyst ,50000
228,Janet,9094539719,JanetTech.com,Consultant,80000
229,Jacob,9710830180,JacobTech.com,Cybersecurity professional,55000
230,Joseph,9842103487,JosephTech.com,Security Assisstant,60000
231,Joshua,8765578943,JoshuaTech.com,Security Engineer ,85000
232,John,6843959486,JohnTech.com,Data analyst,60000
233,Jackson,9685437468,JacksonTech.com,Peneteration Tester,55000
234,Jason,5869340687,JasonTech.com,Security Architect,90000
235,James,9056895436,JamesTech.com,Forensics,70000
236,Jared,9786430593,JaredTech.com,Security Adminstrator,60000
237,Justin,9685437532,JustinTech.com,Application security,90000
238,Jayden,8543506464,JaydenTech.com,Chief information officer,80000
239,Katherine,4069658324,KatherineTech.com,Ethical Hacker,80000
240,Kylie,9865437654,KylieTech.com,Network security,75000
241,Kendall,9765346578,KendallTech.com,Audit,70000
242,Kimberly,4903480058,KimberlyTech.com,Vulnerability mangaement,70000
243,Khloe,9005473860,KhloeTech.com,Incident Response team,70000
244,Kinsley,7869005697,KinsleyTech.com,Data loss prevention,60000
245,Kayla,6785496457,KaylaTech.com,Security consultant,75000
246,Kelsey,8697900456,KelseyTech.com,Network engineer,75000
247,Kennedy,8004596786,KennedyTech.com,Cloud Security,80000
248,Karina,9120344560,KarinaTech.com,Department Director,60000
249,Kevin,9608745674,KevinTech.com,Manager,55000
250,Kyle,9065465684,KyleTech.com,Team Lead,60000
251,Kenneth,9043306546,KennethTech.com,Marketing Associate,50000
252,King,9854676349,KingTech.com,Software Engineer,75000
253,Keith,9094539719,KeithTech.com,Marketing Specialist,60000
254,Keegan,9710830180,KeeganTech.com,Software Engineer,45000
255,Kelvin,9842103487,KelvinTech.com,Marketing Manager,65000
256,Kai,8765578943,KaiTech.com,Software Engineer Lead,65000
257,Kieran,6843959486,KieranTech.com,Independent Contractor,50000
258,Knox,9685437468,KnoxTech.com,Consultant,85000
259,Lily,5869340687,LilyTech.com,Data scientist,80000
260,Luna,9056895436,LunaTech.com,Graphic designer,75000
261,Layla,9786430593,LaylaTech.com,Business Manager,75000
262,Leah,9685437532,LeahTech.com,Security Analyst ,50000
263,Lucy,8543506464,LucyTech.com,Consultant,80000
264,Lillian,4069658324,LillianTech.com,Cybersecurity professional,55000
265,Lauren,9865437654,LaurenTech.com,Security Assisstant,60000
266,Lydia,9765346578,LydiaTech.com,Security Engineer ,85000
267,Lola,4903480058,LolaTech.com,Data analyst,60000
268,Leia,9005473860,LeiaTech.com,Peneteration Tester,55000
269,Liam,7869005697,LiamTech.com,Security Architect,90000
270,Lucas,6785496457,LucasTech.com,Forensics,70000
271,Logan,8697900456,LoganTech.com,Security Adminstrator,60000
272,Leo,8004596786,LeoTech.com,Application security,90000
273,Levi,9120344560,LeviTech.com,Chief information officer,80000
274,Luke,9608745674,LukeTech.com,Ethical Hacker,80000
275,Liam,9065465684,LiamTech.com,Network security,75000
276,Lincoln,9043306546,LincolnTech.com,Audit,70000
277,Landon,9854676349,LandonTech.com,Vulnerability mangaement,70000
278,Louis,9094539719,LouisTech.com,Incident Response team,70000
279,Liam,9710830180,LiamTech.com,Data loss prevention,60000
280,Lucas,9842103487,LucasTech.com,Security consultant,75000
281,Logan,8765578943,LoganTech.com,Network engineer,75000
282,Leo,6843959486,LeoTech.com,Cloud Security,80000
283,Levi,9685437468,LeviTech.com,Cloud Security,60000
284,Luke,5869340687,LukeTech.com,Department Director,55000
285,Liam,9056895436,LiamTech.com,Manager,60000
286,Lincoln,9786430593,LincolnTech.com,Team Lead,50000
287,Landon,9685437532,LandonTech.com,Marketing Associate,75000
288,Louis,8543506464,LouisTech.com,Software Engineer,60000
289,Mia,4069658324,MiaTech.com,Marketing Specialist,45000
290,Madison,9865437654,MadisonTech.com,Software Engineer,65000
291,Maya,9765346578,MayaTech.com,Marketing Manager,65000
292,Mackenzie,4903480058,MackenzieTech.com,Software Engineer Lead,50000
293,Molly,9005473860,MollyTech.com,Independent Contractor,85000
294,Margaret,7869005697,MargaretTech.com,Consultant,80000
295,Melissa,6785496457,MelissaTech.com,Data scientist,75000
296,Michelle,8697900456,MichelleTech.com,Graphic designer,75000
297,Mary,8004596786,MaryTech.com,Business Manager,50000
298,Maria,9120344560,MariaTech.com,Security Analyst ,80000
299,Matthew,9608745674,MatthewTech.com,Consultant,55000
300,Michael,9065465684,MichaelTech.com,Cybersecurity professional,60000
301,Mason,9043306546,MasonTech.com,Security Assisstant,85000
302,Muhammed,9854676349,MuhammedTech.com,Security Engineer ,60000
303,Max,9094539719,MaxTech.com,Data analyst,55000
304,William,9710830180,WilliamTech.com,Peneteration Tester,90000
305,Mitchell,9842103487,MitchellTech.com,Security Architect,70000
306,Martin,8765578943,MartinTech.com,Forensics,60000
307,Mark,6843959486,MarkTech.com,Security Adminstrator,90000
308,Marcus,9685437468,MarcusTech.com,Application security,80000
309,Natalie,5869340687,NatalieTech.com,Chief information officer,80000
310,Nova,9056895436,NovaTech.com,Ethical Hacker,75000
311,Naomi,9786430593,NaomiTech.com,Network security,70000
312,Nora,9685437532,NoraTech.com,Audit,70000
313,Nadia,8543506464,NadiaTech.com,Vulnerability mangaement,70000
314,Nicole,4069658324,NicoleTech.com,Incident Response team,60000
315,Natalia,9865437654,NataliaTech.com,Data loss prevention,75000
316,Nina,9765346578,NinaTech.com,Security consultant,75000
317,Nia,4903480058,NiaTech.com,Network engineer,80000
318,Nancy,9005473860,NancyTech.com,Cloud Security,60000
319,Noah,7869005697,NoahTech.com,Department Director,55000
320,Nathan,6785496457,NathanTech.com,Manager,60000
321,Nicholas,8697900456,NicholasTech.com,Team Lead,50000
322,Nathaniel,8004596786,NathanielTech.com,Marketing Associate,75000
323,Nelson,9120344560,NelsonTech.com,Software Engineer,60000
324,Neil,9608745674,NeilTech.com,Marketing Specialist,45000
325,Norman,9065465684,NormanTech.com,Software Engineer,65000
326,Nolan,9043306546,NolanTech.com,Marketing Manager,65000
327,Nick,9854676349,NickTech.com,Software Engineer Lead,50000
328,Nigel,9094539719,NigelTech.com,Independent Contractor,85000
329,Ophelia,9710830180,OpheliaTech.com,Consultant,80000
330,Olive,9842103487,OliveTech.com,Data scientist,75000
331,Oakley,8765578943,OakleyTech.com,Graphic designer,75000
332,Octavia,6843959486,OctaviaTech.com,Business Manager,50000
333,Opal,9685437468,OpalTech.com,Security Analyst ,80000
334,Olivia,5869340687,OliviaTech.com,Consultant,55000
335,Oliver,9056895436,OliverTech.com,Cybersecurity professional,60000
336,Owen,9786430593,OwenTech.com,Security Assisstant,85000
337,Oscar,9685437532,OscarTech.com,Security Engineer ,60000
338,Penelope,8543506464,PenelopeTech.com,Data analyst,55000
339,Peyton,4069658324,PeytonTech.com,Peneteration Tester,90000
340,Piper,9865437654,PiperTech.com,Security Architect,70000
341,Paige,9765346578,PaigeTech.com,Forensics,60000
342,Priya,4903480058,PriyaTech.com,Security Adminstrator,90000
343,Phoebe,9005473860,PhoebeTech.com,Application security,80000
344,Presley,7869005697,PresleyTech.com,Chief information officer,80000
345,Parker,6785496457,ParkerTech.com,Ethical Hacker,75000
346,Paisley,8697900456,PaisleyTech.com,Network security,70000
347,Priyanka,8004596786,PriyankaTech.com,Audit,70000
348,Patrick,9120344560,PatrickTech.com,Vulnerability mangaement,70000
349,Peter,9608745674,PeterTech.com,Incident Response team,60000
350,Philip,9065465684,PhilipTech.com,Data loss prevention,75000
351,Parker,9043306546,ParkerTech.com,Security consultant,75000
352,Pablo,9854676349,PabloTech.com,Network engineer,80000
353,Preston,9094539719,PrestonTech.com,Cloud Security,60000
354,Paul,9710830180,PaulTech.com,Department Director,55000
355,Pierce,9842103487,PierceTech.com,Manager,60000
356,Peyton,8765578943,PeytonTech.com,Team Lead,50000
357,Pearson,6843959486,PearsonTech.com,Marketing Associate,75000
358,Quinn,9685437468,QuinnTech.com,Software Engineer,60000
359,Quiana,5869340687,QuianaTech.com,Marketing Specialist,45000
360,Queenie,9056895436,QueenieTech.com,Software Engineer,65000
361,Quetzal,9786430593,QuetzalTech.com,Marketing Manager,65000
362,Quinlan,9685437532,QuinlanTech.com,Software Engineer Lead,50000
363,Quintessa,8543506464,QuintessaTech.com,Independent Contractor,85000
364,Quinby,4069658324,QuinbyTech.com,Consultant,80000
365,Quirina,9865437654,QuirinaTech.com,Data scientist,75000
366,Quinlee,9765346578,QuinleeTech.com,Graphic designer,75000
367,Quenby,4903480058,QuenbyTech.com,Business Manager,50000
368,Quentin,9005473860,QuentinTech.com,Security Analyst ,80000
369,Quaid,7869005697,QuaidTech.com,Consultant,55000
370,Quinlan,6785496457,QuinlanTech.com,Cybersecurity professional,60000
371,Quincey,8697900456,QuinceyTech.com,Security Assisstant,85000
372,Quinton,8004596786,QuintonTech.com,Security Engineer ,60000
373,Quasar,9120344560,QuasarTech.com,Data analyst,55000
374,Quillan,9608745674,QuillanTech.com,Peneteration Tester,90000
375,Quinby,9065465684,QuinbyTech.com,Security Architect,70000
376,Quirin,9043306546,QuirinTech.com,Forensics,60000
377,Quade,9854676349,QuadeTech.com,Security Adminstrator,90000
378,Rachel,9094539719,RachelTech.com,Application security,80000
379,Rebecca,9710830180,RebeccaTech.com,Chief information officer,80000
380,Rose,9842103487,RoseTech.com,Ethical Hacker,75000
381,Ruby,8765578943,RubyTech.com,Network security,70000
382,Riley,6843959486,RileyTech.com,Audit,70000
383,Reagan,9685437468,ReaganTech.com,Vulnerability mangaement,70000
384,Rylee,5869340687,RyleeTech.com,Incident Response team,60000
385,Raquel,9056895436,RaquelTech.com,Data loss prevention,75000
386,Rowan,9786430593,RowanTech.com,Security consultant,75000
387,Rhiannon,9685437532,RhiannonTech.com,Network engineer,80000
388,Ryan,8543506464,RyanTech.com,Cloud Security,60000
389,Robert,4069658324,RobertTech.com,Cloud Security,55000
390,Richard,9865437654,RichardTech.com,Department Director,60000
391,Raymond,9765346578,RaymondTech.com,Manager,50000
392,Ryder,4903480058,RyderTech.com,Team Lead,75000
393,Russell,9005473860,RussellTech.com,Marketing Associate,60000
394,Raphael,7869005697,RaphaelTech.com,Software Engineer,45000
395,Rhys,6785496457,RhysTech.com,Marketing Specialist,65000
396,Roman,8697900456,RomanTech.com,Software Engineer,65000
397,Reece,8004596786,ReeceTech.com,Marketing Manager,50000
398,Sophia,9120344560,SophiaTech.com,Software Engineer Lead,85000
399,Sarah,9608745674,SarahTech.com,Independent Contractor,80000
400,Samantha,9065465684,SamanthaTech.com,Consultant,75000
401,Stella,9043306546,StellaTech.com,Data scientist,75000
402,Savannah,9854676349,SavannahTech.com,Graphic designer,50000
403,Sophie,9094539719,SophieTech.com,Business Manager,80000
404,Scarlett,9710830180,ScarlettTech.com,Security Analyst ,55000
405,Sierra,9842103487,SierraTech.com,Consultant,60000
406,Selena,8765578943,SelenaTech.com,Cybersecurity professional,85000
407,Serenity,6843959486,SerenityTech.com,Security Assisstant,60000
408,Samuel,9685437468,SamuelTech.com,Security Engineer ,55000
409,Sebastian,5869340687,SebastianTech.com,Data analyst,90000
410,Sawyer,9056895436,SawyerTech.com,Peneteration Tester,70000
411,Simon,9786430593,SimonTech.com,Security Architect,60000
412,Silas,9685437532,SilasTech.com,Forensics,90000
413,Seth,8543506464,SethTech.com,Security Adminstrator,80000
414,Spencer,4069658324,SpencerTech.com,Application security,80000
415,Scott,9865437654,ScottTech.com,Chief information officer,75000
416,Shane,9765346578,ShaneTech.com,Ethical Hacker,70000
417,Steven,4903480058,StevenTech.com,Network security,70000
418,Shruthi,9005473860,ShruthiTech.com,Audit,70000
419,Swathi,7869005697,SwathiTech.com,Vulnerability mangaement,60000
420,Sathya,6785496457,SathyaTech.com,Incident Response team,75000
421,Santhya,8697900456,SanthyaTech.com,Data loss prevention,75000
422,Sawasthika,8004596786,SawasthikaTech.com,Security consultant,80000
423,Svesthika,9120344560,SvesthikaTech.com,Network engineer,60000
424,Swetha,9608745674,SwethaTech.com,Cloud Security,55000
425,Smirti,9065465684,SmirtiTech.com,Department Director,60000
426,Sakthi,9043306546,SakthiTech.com,Manager,50000
427,Soumiya,9854676349,SoumiyaTech.com,Team Lead,75000
428,Soniya,9094539719,SoniyaTech.com,Marketing Associate,60000
429,Sumi,9710830180,SumiTech.com,Software Engineer,45000
430,Suriya,9842103487,SuriyaTech.com,Marketing Specialist,65000
431,Sathish,8765578943,SathishTech.com,Software Engineer,65000
432,Suresh ,6843959486,Suresh Tech.com,Marketing Manager,50000
433,Saras,9685437468,SarasTech.com,Software Engineer Lead,85000
434,Sudhakar,5869340687,SudhakarTech.com,Independent Contractor,80000
435,Soundrya,9056895436,SoundryaTech.com,Consultant,75000
436,Sundar,9786430593,SundarTech.com,Data scientist,75000
437,Taylor,9685437532,TaylorTech.com,Graphic designer,50000
438,Tara,8543506464,TaraTech.com,Business Manager,80000
439,Trinity,4069658324,TrinityTech.com,Security Analyst ,55000
440,Tessa,9865437654,TessaTech.com,Consultant,60000
441,Talia,9765346578,TaliaTech.com,Cybersecurity professional,85000
442,Tabitha,4903480058,TabithaTech.com,Security Assisstant,60000
443,Thalia,9005473860,ThaliaTech.com,Security Engineer ,55000
444,Thea,7869005697,TheaTech.com,Data analyst,90000
445,Tess,6785496457,TessTech.com,Peneteration Tester,70000
446,Teagan,8697900456,TeaganTech.com,Security Architect,60000
447,Thomas,8004596786,ThomasTech.com,Forensics,90000
448,Tyler,9120344560,TylerTech.com,Security Adminstrator,80000
449,Tristan,9608745674,TristanTech.com,Application security,80000
450,Theodore,9065465684,TheodoreTech.com,Chief information officer,75000
451,Tobias,9043306546,TobiasTech.com,Ethical Hacker,70000
452,Trevor,9854676349,TrevorTech.com,Network security,70000
453,Timothy,9094539719,TimothyTech.com,Audit,70000
454,Tanner,9710830180,TannerTech.com,Vulnerability mangaement,60000
455,Troy,9842103487,TroyTech.com,Incident Response team,75000
456,Trenton,8765578943,TrentonTech.com,Data loss prevention,75000
457,Victoria,6843959486,VictoriaTech.com,Security consultant,80000
458,Valentina,9685437468,ValentinaTech.com,Network engineer,60000
459,Vivian,5869340687,VivianTech.com,Cloud Security,55000
460,Vanessa,9056895436,VanessaTech.com,Department Director,60000
461,Vijay,9786430593,VijayTech.com,Manager,50000
462,Vinoth,9685437532,VinothTech.com,Team Lead,75000
463,Vimal,8543506464,VimalTech.com,Marketing Associate,60000
464,Vijaya,4069658324,VijayaTech.com,Software Engineer,45000
465,Viji,9865437654,VijiTech.com,Marketing Specialist,65000
466,Vijayalakshmi,9765346578,VijayalakshmiTech.com,Software Engineer,65000
467,Vasanth,4903480058,VasanthTech.com,Marketing Manager,50000
468,Vasanthii,9005473860,VasanthiiTech.com,Software Engineer Lead,85000
469,Vasentha,7869005697,VasenthaTech.com,Independent Contractor,80000
470,Vanitha,6785496457,VanithaTech.com,Consultant,75000
471,Willow,8697900456,WillowTech.com,Data scientist,75000
472,Whitney,8004596786,WhitneyTech.com,Graphic designer,50000
473,Wendy,9120344560,WendyTech.com,Business Manager,80000
474,William,9608745674,WilliamTech.com,Security Analyst ,55000
475,Wesley,9065465684,WesleyTech.com,Consultant,60000
476,Wyatt,9043306546,WyattTech.com,Cybersecurity professional,85000
477,Walker,9854676349,WalkerTech.com,Security Assisstant,60000
478,Weston,9094539719,WestonTech.com,Security Engineer ,55000
479,Wayne,9710830180,WayneTech.com,Data analyst,90000
480,Warren,9842103487,WarrenTech.com,Peneteration Tester,70000
481,Wilder,8765578943,WilderTech.com,Security Architect,60000
482,Walter,6843959486,WalterTech.com,Forensics,90000
483,Winston,9685437468,WinstonTech.com,Security Adminstrator,80000
484,Yasmine,5869340687,YasmineTech.com,Application security,80000
485,Yara,9056895436,YaraTech.com,Chief information officer,75000
486,Yasmin,9786430593,YasminTech.com,Ethical Hacker,70000
487,Yvonne,9685437532,YvonneTech.com,Network security,70000
488,Yvette,8543506464,YvetteTech.com,Audit,70000
489,Yesenia,4069658324,YeseniaTech.com,Vulnerability mangaement,60000
490,Yolanda,9865437654,YolandaTech.com,Incident Response team,75000
491,Yvaine,9765346578,YvaineTech.com,Data loss prevention,75000
492,Yelena,4903480058,YelenaTech.com,Security consultant,75000
493,Yasmina,9005473860,YasminaTech.com,Network engineer,80000
494,Yasin,7869005697,YasinTech.com,Cloud Security,60000
495,Yosef,6785496457,YosefTech.com,Cloud Security,55000
496,Yahir,8697900456,YahirTech.com,Department Director,60000
497,Yusuf,8004596786,YusufTech.com,Manager,50000
498,Yannick,9120344560,YannickTech.com,Team Lead,75000
499,Yale,9608745674,YaleTech.com,Marketing Associate,60000
500,Yaron,9065465684,YaronTech.com,Software Engineer,45000
501,Yael,9043306546,YaelTech.com,Marketing Specialist,65000
502,Yitzhak,9854676349,YitzhakTech.com,Software Engineer,65000
503,Yancy,9094539719,YancyTech.com,Marketing Manager,50000
504,Ava,9710830180,AvaTech.com,Software Engineer Lead,85000
505,Amelia,9842103487,AmeliaTech.com,Independent Contractor,80000
506,Abigail,8765578943,AbigailTech.com,Consultant,75000
507,Addison,6843959486,AddisonTech.com,Data scientist,75000
508,Aria,9685437468,AriaTech.com,Graphic designer,50000
509,Amelia,5869340687,AmeliaTech.com,Business Manager,80000
510,Ashley,9056895436,AshleyTech.com,Security Analyst ,55000
511,Audrey,9786430593,AudreyTech.com,Consultant,60000
512,Anna,9685437532,AnnaTech.com,Cybersecurity professional,85000
513,Alexis,8543506464,AlexisTech.com,Security Assisstant,60000
514,Andromeda,4069658324,AndromedaTech.com,Security Engineer ,55000
515,Astrid,9865437654,AstridTech.com,Data analyst,90000
516,Amara,9765346578,AmaraTech.com,Peneteration Tester,70000
517,Ainsley,4903480058,AinsleyTech.com,Security Architect,60000
518,Aurora,9005473860,AuroraTech.com,Forensics,90000
519,Aspen,7869005697,AspenTech.com,Security Adminstrator,80000
520,Arabella,6785496457,ArabellaTech.com,Application security,80000
521,Alice,8697900456,AliceTech.com,Chief information officer,75000
522,Althea,8004596786,AltheaTech.com,Ethical Hacker,70000
523,Aquila,9120344560,AquilaTech.com,Network security,70000
524,Aiden,9608745674,AidenTech.com,Audit,70000
525,Alexander,9065465684,AlexanderTech.com,Vulnerability mangaement,60000
526,Anthony,9043306546,AnthonyTech.com,Incident Response team,75000
527,Andrew,9854676349,AndrewTech.com,Data loss prevention,75000
528,Asher,9094539719,AsherTech.com,Security consultant,80000
529,Austin,9710830180,AustinTech.com,Network engineer,60000
530,Adam,9842103487,AdamTech.com,Cloud Security,55000
531,Aaron,8765578943,AaronTech.com,Department Director,60000
532,Arthur,6843959486,ArthurTech.com,Manager,50000
533,Abraham,9685437468,AbrahamTech.com,Team Lead,75000
534,Atticus,5869340687,AtticusTech.com,Marketing Associate,60000
535,Atlas,9056895436,AtlasTech.com,Software Engineer,45000
536,Adrian,9786430593,AdrianTech.com,Marketing Specialist,65000
537,Axel,9685437532,AxelTech.com,Software Engineer,65000
538,Alistair,8543506464,AlistairTech.com,Marketing Manager,50000
539,Ambrose,4069658324,AmbroseTech.com,Software Engineer Lead,85000
540,Ansel,9865437654,AnselTech.com,Independent Contractor,80000
541,Archer,9765346578,ArcherTech.com,Consultant,75000
542,August,4903480058,AugustTech.com,Data scientist,75000
543,Atreyu,9005473860,AtreyuTech.com,Graphic designer,50000
544,Beatrix,7869005697,BeatrixTech.com,Business Manager,80000
545,Blair,6785496457,BlairTech.com,Security Analyst ,55000
546,Brynlee,8697900456,BrynleeTech.com,Consultant,60000
547,Brielle,8004596786,BrielleTech.com,Cybersecurity professional,85000
548,Bianca,9120344560,BiancaTech.com,Security Assisstant,60000
549,Bellamy,9608745674,BellamyTech.com,Security Engineer ,55000
550,Harlow,9065465684,HarlowTech.com,Data analyst,90000
551,Blakely,9043306546,BlakelyTech.com,Peneteration Tester,70000
552,Bernadette,9854676349,BernadetteTech.com,Security Architect,60000
553,Bella,9094539719,BellaTech.com,Forensics,90000
554,Bianca,9710830180,BiancaTech.com,Security Adminstrator,80000
555,Brooklyn,9842103487,BrooklynTech.com,Application security,80000
556,Brianna,8765578943,BriannaTech.com,Chief information officer,75000
557,Bailey,6843959486,BaileyTech.com,Ethical Hacker,70000
558,Brooke,9685437468,BrookeTech.com,Network security,70000
559,Blair,5869340687,BlairTech.com,Audit,70000
560,Bernadette,9056895436,BernadetteTech.com,Vulnerability mangaement,60000
561,Brittany,9786430593,BrittanyTech.com,Incident Response team,75000
562,Bridget,9685437532,BridgetTech.com,Data loss prevention,75000
563,Benjamin,8543506464,BenjaminTech.com,Security consultant,80000
564,Blake,4069658324,BlakeTech.com,Network engineer,60000
565,Brandon,9865437654,BrandonTech.com,Cloud Security,55000
566,Brayden,9765346578,BraydenTech.com,Department Director,60000
567,Bryson,4903480058,BrysonTech.com,Manager,50000
568,Bradley,9005473860,BradleyTech.com,Team Lead,75000
569,Bryan,7869005697,BryanTech.com,Marketing Associate,60000
570,Brooks,6785496457,BrooksTech.com,Software Engineer,45000
571,Brody,8697900456,BrodyTech.com,Marketing Specialist,65000
572,Benjamin,8004596786,BenjaminTech.com,Software Engineer,65000
573,Beckett,9120344560,BeckettTech.com,Marketing Manager,50000
574,Bellamy,9608745674,BellamyTech.com,Software Engineer Lead,85000
575,Boone,9065465684,BooneTech.com,Independent Contractor,80000
576,Bowie,9043306546,BowieTech.com,Consultant,75000
577,Basil,9854676349,BasilTech.com,Data scientist,75000
578,Barrett,9094539719,BarrettTech.com,Graphic designer,50000
579,Blackwood,9710830180,BlackwoodTech.com,Business Manager,80000
580,Briar,9842103487,BriarTech.com,Security Analyst ,55000
581,Bash,8765578943,BashTech.com,Consultant,60000
582,Chloe,6843959486,ChloeTech.com,Cybersecurity professional,85000
583,Charlotte,9685437468,CharlotteTech.com,Security Assisstant,60000
584,Claire,5869340687,ClaireTech.com,Security Engineer ,55000
585,Camila,9056895436,CamilaTech.com,Data analyst,90000
586,Caroline,9786430593,CarolineTech.com,Peneteration Tester,70000
587,Clara,9685437532,ClaraTech.com,Security Architect,60000
588,Cora,8543506464,CoraTech.com,Forensics,90000
589,Cassandra,4069658324,CassandraTech.com,Security Adminstrator,80000
590,Catherine,9865437654,CatherineTech.com,Application security,80000
591,Courtney,9765346578,CourtneyTech.com,Chief information officer,75000
592,Christopher,4903480058,ChristopherTech.com,Ethical Hacker,70000
593,Charles,9005473860,CharlesTech.com,Network security,70000
594,Caleb,7869005697,CalebTech.com,Audit,70000
595,Carter,6785496457,CarterTech.com,Vulnerability mangaement,60000
596,Cameron,8697900456,CameronTech.com,Incident Response team,75000
597,Connor,8004596786,ConnorTech.com,Data loss prevention,75000
598,Cody,9120344560,CodyTech.com,Security consultant,80000
599,Colin,9608745674,ColinTech.com,Network engineer,60000
600,Christian,9065465684,ChristianTech.com,Cloud Security,55000
601,Craig,9043306546,CraigTech.com,Cloud Security,60000
602,Daisy,9854676349,DaisyTech.com,Department Director,50000
603,Delilah,9094539719,DelilahTech.com,Manager,75000
604,Danielle,9710830180,DanielleTech.com,Team Lead,60000
605,Diana,9842103487,DianaTech.com,Marketing Associate,45000
606,Dylan,8765578943,DylanTech.com,Software Engineer,65000
607,Dakota,6843959486,DakotaTech.com,Marketing Specialist,65000
608,Delaney,9685437468,DelaneyTech.com,Software Engineer,50000
609,Dora,5869340687,DoraTech.com,Marketing Manager,85000
610,Drew,9056895436,DrewTech.com,Software Engineer Lead,80000
611,Daphne,9786430593,DaphneTech.com,Independent Contractor,75000
612,Daniel,9685437532,DanielTech.com,Consultant,75000
613,David,8543506464,DavidTech.com,Data scientist,50000
614,Derek,4069658324,DerekTech.com,Graphic designer,80000
615,Dylan,9865437654,DylanTech.com,Business Manager,55000
616,Diego,9765346578,DiegoTech.com,Security Analyst ,60000
617,Dominic,4903480058,DominicTech.com,Consultant,85000
618,Dustin,9005473860,DustinTech.com,Cybersecurity professional,60000
619,Douglas,7869005697,DouglasTech.com,Security Assisstant,55000
620,Drew,6785496457,DrewTech.com,Security Engineer ,90000
621,Dean,8697900456,DeanTech.com,Data analyst,70000
622,Emma,8004596786,EmmaTech.com,Peneteration Tester,60000
623,Evelyn,9120344560,EvelynTech.com,Security Architect,90000
624,Ella,9608745674,EllaTech.com,Forensics,80000
625,Elizabeth,9065465684,ElizabethTech.com,Security Adminstrator,80000
626,Emily,9043306546,EmilyTech.com,Application security,75000
627,Eleanor,9854676349,EleanorTech.com,Chief information officer,70000
628,Ellie,9094539719,EllieTech.com,Ethical Hacker,70000
629,Emilia,9710830180,EmiliaTech.com,Network security,70000
630,Everly,9842103487,EverlyTech.com,Audit,60000
631,Eliana,8765578943,ElianaTech.com,Vulnerability mangaement,75000
632,Elijah,6843959486,ElijahTech.com,Incident Response team,75000
633,Ethan,9685437468,EthanTech.com,Data loss prevention,80000
634,Elias,5869340687,EliasTech.com,Security consultant,60000
635,Ezra,9056895436,EzraTech.com,Network engineer,55000
636,Evan,9786430593,EvanTech.com,Cloud Security,60000
637,Elliott,9685437532,ElliottTech.com,Department Director,50000
638,Edward,8543506464,EdwardTech.com,Manager,75000
639,Eric,4069658324,EricTech.com,Team Lead,60000
640,Emmanuel,9865437654,EmmanuelTech.com,Marketing Associate,45000
641,Emilio,9765346578,EmilioTech.com,Software Engineer,65000
642,Fiona,4903480058,FionaTech.com,Marketing Specialist,65000
643,Faith,9005473860,FaithTech.com,Software Engineer,50000
644,Freya,7869005697,FreyaTech.com,Marketing Manager,85000
645,Florence,6785496457,FlorenceTech.com,Software Engineer Lead,80000
646,Frankie,8697900456,FrankieTech.com,Independent Contractor,75000
647,Francesca,8004596786,FrancescaTech.com,Consultant,75000
648,Felicity,9120344560,FelicityTech.com,Data scientist,50000
649,Finley,9608745674,FinleyTech.com,Graphic designer,80000
650,Fatima,9065465684,FatimaTech.com,Business Manager,55000
651,Flora,9043306546,FloraTech.com,Security Analyst ,60000
652,Felix,9854676349,FelixTech.com,Consultant,85000
653,Finn,9094539719,FinnTech.com,Cybersecurity professional,60000
654,Frederick,9710830180,FrederickTech.com,Security Assisstant,55000
655,Francisco,9842103487,FranciscoTech.com,Security Engineer ,90000
656,Franklin,8765578943,FranklinTech.com,Data analyst,70000
657,Finley,6843959486,FinleyTech.com,Peneteration Tester,60000
658,Fabian,9685437468,FabianTech.com,Security Architect,90000
659,Fitzgerald,5869340687,FitzgeraldTech.com,Forensics,80000
660,Francis,9056895436,FrancisTech.com,Security Adminstrator,80000
661,Forrest,9786430593,ForrestTech.com,Application security,75000
662,Gabriella,9685437532,GabriellaTech.com,Chief information officer,70000
663,Grace,8543506464,GraceTech.com,Ethical Hacker,70000
664,Genevieve,4069658324,GenevieveTech.com,Network security,70000
665,Georgia,9865437654,GeorgiaTech.com,Audit,60000
666,Gianna,9765346578,GiannaTech.com,Vulnerability mangaement,75000
667,Gwen,4903480058,GwenTech.com,Incident Response team,75000
668,Hailey,9005473860,HaileyTech.com,Data loss prevention,80000
669,Hannah,7869005697,HannahTech.com,Security consultant,60000
670,Harper,6785496457,HarperTech.com,Network engineer,55000
671,Isabella,8697900456,IsabellaTech.com,Cloud Security,60000
672,Gabriel,8004596786,GabrielTech.com,Department Director,50000
673,Gavin,9120344560,GavinTech.com,Manager,75000
674,Grayson,9608745674,GraysonTech.com,Team Lead,60000
675,Gregory,9065465684,GregoryTech.com,Marketing Associate,45000
676,George,9043306546,GeorgeTech.com,Software Engineer,65000
677,Guillermo,9854676349,GuillermoTech.com,Marketing Specialist,65000
678,Grant,9094539719,GrantTech.com,Software Engineer,50000
679,Graham,9710830180,GrahamTech.com,Marketing Manager,85000
680,Gunner,9842103487,GunnerTech.com,Software Engineer Lead,80000
681,Garrett,8765578943,GarrettTech.com,Independent Contractor,75000
682,Hannah,6843959486,HannahTech.com,Consultant,75000
683,Harper,9685437468,HarperTech.com,Data scientist,50000
684,Hailey,5869340687,HaileyTech.com,Graphic designer,80000
685,Hayden,9056895436,HaydenTech.com,Business Manager,55000
686,Hazel,9786430593,HazelTech.com,Security Analyst ,60000
687,Heidi,9685437532,HeidiTech.com,Consultant,85000
688,Holly,8543506464,HollyTech.com,Cybersecurity professional,60000
689,Hope,4069658324,HopeTech.com,Security Assisstant,55000
690,Harmony,9865437654,HarmonyTech.com,Security Engineer ,90000
691,Helena,9765346578,HelenaTech.com,Data analyst,70000
692,Henry,4903480058,HenryTech.com,Peneteration Tester,60000
693,Hudson,9005473860,HudsonTech.com,Security Architect,90000
694,Hunter,7869005697,HunterTech.com,Forensics,80000
695,Harrison,6785496457,HarrisonTech.com,Security Adminstrator,80000
696,Hayden,8697900456,HaydenTech.com,Application security,75000
697,Hugo,8004596786,HugoTech.com,Chief information officer,70000
698,Harold,9120344560,HaroldTech.com,Ethical Hacker,70000
699,Hector,9608745674,HectorTech.com,Network security,70000
700,Holden,9065465684,HoldenTech.com,Audit,60000
701,Harris,9043306546,HarrisTech.com,Vulnerability mangaement,75000
702,Isabella,9854676349,IsabellaTech.com,Incident Response team,75000
703,Isla,9094539719,IslaTech.com,Data loss prevention,80000
704,Iris,9710830180,IrisTech.com,Security consultant,60000
705,Ivy,9842103487,IvyTech.com,Network engineer,55000
706,Isabelle,8765578943,IsabelleTech.com,Cloud Security,60000
707,Ingrid,6843959486,IngridTech.com,Cloud Security,50000
708,Inara,9685437468,InaraTech.com,Department Director,75000
709,Irene,5869340687,IreneTech.com,Manager,60000
710,Iman,9056895436,ImanTech.com,Team Lead,45000
711,Isadora,9786430593,IsadoraTech.com,Marketing Associate,65000
712,Isaac,9685437532,IsaacTech.com,Software Engineer,65000
713,Isaiah,8543506464,IsaiahTech.com,Marketing Specialist,50000
714,Ismael,4069658324,IsmaelTech.com,Software Engineer,85000
715,Idris,9865437654,IdrisTech.com,Marketing Manager,80000
716,Ian,9765346578,IanTech.com,Software Engineer Lead,75000
717,Israel,4903480058,IsraelTech.com,Independent Contractor,75000
718,Ignacio,9005473860,IgnacioTech.com,Consultant,50000
719,Ivan,7869005697,IvanTech.com,Data scientist,80000
720,Ibrahim,6785496457,IbrahimTech.com,Graphic designer,55000
721,Ivar,8697900456,IvarTech.com,Business Manager,60000
722,Jessica,8004596786,JessicaTech.com,Security Analyst ,85000
723,Jennifer,9120344560,JenniferTech.com,Consultant,60000
724,Julia,9608745674,JuliaTech.com,Cybersecurity professional,55000
725,Josephine,9065465684,JosephineTech.com,Security Assisstant,90000
726,Jasmine,9043306546,JasmineTech.com,Security Engineer ,70000
727,Jenna,9854676349,JennaTech.com,Data analyst,60000
728,Jordyn,9094539719,JordynTech.com,Peneteration Tester,90000
729,Joan,9710830180,JoanTech.com,Security Architect,80000
730,Joyce,9842103487,JoyceTech.com,Forensics,80000
731,Janet,8765578943,JanetTech.com,Security Adminstrator,75000
732,Jacob,6843959486,JacobTech.com,Application security,70000
733,Joseph,9685437468,JosephTech.com,Chief information officer,70000
734,Joshua,5869340687,JoshuaTech.com,Ethical Hacker,70000
735,John,9056895436,JohnTech.com,Network security,60000
736,Jackson,9786430593,JacksonTech.com,Audit,75000
737,Jason,9685437532,JasonTech.com,Vulnerability mangaement,75000
738,James,8543506464,JamesTech.com,Incident Response team,80000
739,Jared,4069658324,JaredTech.com,Data loss prevention,60000
740,Justin,9865437654,JustinTech.com,Security consultant,55000
741,Jayden,9765346578,JaydenTech.com,Network engineer,60000
742,Katherine,4903480058,KatherineTech.com,Cloud Security,50000
743,Kylie,9005473860,KylieTech.com,Department Director,75000
744,Kendall,7869005697,KendallTech.com,Manager,60000
745,Kimberly,6785496457,KimberlyTech.com,Team Lead,45000
746,Khloe,8697900456,KhloeTech.com,Marketing Associate,65000
747,Kinsley,8004596786,KinsleyTech.com,Software Engineer,65000
748,Kayla,9120344560,KaylaTech.com,Marketing Specialist,50000
749,Kelsey,9608745674,KelseyTech.com,Software Engineer,85000
750,Kennedy,9065465684,KennedyTech.com,Marketing Manager,80000
751,Karina,9043306546,KarinaTech.com,Software Engineer Lead,75000
752,Kevin,9854676349,KevinTech.com,Independent Contractor,75000
753,Kyle,9094539719,KyleTech.com,Consultant,50000
754,Kenneth,9710830180,KennethTech.com,Data scientist,80000
755,King,9842103487,KingTech.com,Graphic designer,55000
756,Keith,8765578943,KeithTech.com,Business Manager,60000
757,Keegan,6843959486,KeeganTech.com,Security Analyst ,85000
758,Kelvin,9685437468,KelvinTech.com,Consultant,60000
759,Kai,5869340687,KaiTech.com,Cybersecurity professional,55000
760,Kieran,9056895436,KieranTech.com,Security Assisstant,90000
761,Knox,9786430593,KnoxTech.com,Security Engineer ,70000
762,Lily,9685437532,LilyTech.com,Data analyst,60000
763,Luna,8543506464,LunaTech.com,Peneteration Tester,90000
764,Layla,4069658324,LaylaTech.com,Security Architect,80000
765,Leah,9865437654,LeahTech.com,Forensics,80000
766,Lucy,9765346578,LucyTech.com,Security Adminstrator,75000
767,Lillian,4903480058,LillianTech.com,Application security,70000
768,Lauren,9005473860,LaurenTech.com,Chief information officer,70000
769,Lydia,7869005697,LydiaTech.com,Ethical Hacker,70000
770,Lola,6785496457,LolaTech.com,Network security,60000
771,Leia,8697900456,LeiaTech.com,Audit,75000
772,Liam,8004596786,LiamTech.com,Vulnerability mangaement,75000
773,Lucas,9120344560,LucasTech.com,Incident Response team,80000
774,Logan,9608745674,LoganTech.com,Data loss prevention,60000
775,Leo,9065465684,LeoTech.com,Security consultant,55000
776,Levi,9043306546,LeviTech.com,Network engineer,60000
777,Luke,9854676349,LukeTech.com,Cloud Security,50000
778,Liam,9094539719,LiamTech.com,Department Director,75000
779,Lincoln,9710830180,LincolnTech.com,Manager,60000
780,Landon,9842103487,LandonTech.com,Team Lead,45000
781,Louis,8765578943,LouisTech.com,Marketing Associate,65000
782,Liam,6843959486,LiamTech.com,Software Engineer,65000
783,Lucas,9685437468,LucasTech.com,Marketing Specialist,50000
784,Logan,5869340687,LoganTech.com,Software Engineer,85000
785,Leo,9056895436,LeoTech.com,Marketing Manager,80000
786,Levi,9786430593,LeviTech.com,Software Engineer Lead,75000
787,Luke,9685437532,LukeTech.com,Independent Contractor,75000
788,Liam,8543506464,LiamTech.com,Consultant,50000
789,Lincoln,4069658324,LincolnTech.com,Data scientist,80000
790,Landon,9865437654,LandonTech.com,Graphic designer,55000
791,Louis,9765346578,LouisTech.com,Business Manager,60000
792,Mia,4903480058,MiaTech.com,Security Analyst ,85000
793,Madison,9005473860,MadisonTech.com,Consultant,60000
794,Maya,7869005697,MayaTech.com,Cybersecurity professional,55000
795,Mackenzie,6785496457,MackenzieTech.com,Security Assisstant,90000
796,Molly,8697900456,MollyTech.com,Security Engineer ,70000
797,Margaret,8004596786,MargaretTech.com,Data analyst,60000
798,Melissa,9120344560,MelissaTech.com,Peneteration Tester,90000
799,Michelle,9608745674,MichelleTech.com,Security Architect,80000
800,Mary,9065465684,MaryTech.com,Forensics,80000
801,Maria,9043306546,MariaTech.com,Security Adminstrator,75000
802,Matthew,9854676349,MatthewTech.com,Application security,70000
803,Michael,9094539719,MichaelTech.com,Chief information officer,70000
804,Mason,9710830180,MasonTech.com,Ethical Hacker,70000
805,Muhammed,9842103487,MuhammedTech.com,Network security,60000
806,Max,8765578943,MaxTech.com,Audit,75000
807,William,6843959486,WilliamTech.com,Vulnerability mangaement,75000
808,Mitchell,9685437468,MitchellTech.com,Incident Response team,80000
809,Martin,5869340687,MartinTech.com,Data loss prevention,60000
810,Mark,9056895436,MarkTech.com,Security consultant,55000
811,Marcus,9786430593,MarcusTech.com,Network engineer,60000
812,Natalie,9685437532,NatalieTech.com,Cloud Security,50000
813,Nova,8543506464,NovaTech.com,Cloud Security,75000
814,Naomi,4069658324,NaomiTech.com,Department Director,60000
815,Nora,9865437654,NoraTech.com,Manager,45000
816,Nadia,9765346578,NadiaTech.com,Team Lead,65000
817,Nicole,4903480058,NicoleTech.com,Marketing Associate,65000
818,Natalia,9005473860,NataliaTech.com,Software Engineer,50000
819,Nina,7869005697,NinaTech.com,Marketing Specialist,85000
820,Nia,6785496457,NiaTech.com,Software Engineer,80000
821,Nancy,8697900456,NancyTech.com,Marketing Manager,75000
822,Noah,8004596786,NoahTech.com,Software Engineer Lead,75000
823,Nathan,9120344560,NathanTech.com,Independent Contractor,50000
824,Nicholas,9608745674,NicholasTech.com,Consultant,80000
825,Nathaniel,9065465684,NathanielTech.com,Data scientist,55000
826,Nelson,9043306546,NelsonTech.com,Graphic designer,60000
827,Neil,9854676349,NeilTech.com,Business Manager,85000
828,Norman,9094539719,NormanTech.com,Security Analyst ,60000
829,Nolan,9710830180,NolanTech.com,Consultant,55000
830,Nick,9842103487,NickTech.com,Cybersecurity professional,90000
831,Nigel,8765578943,NigelTech.com,Security Assisstant,70000
832,Ophelia,6843959486,OpheliaTech.com,Security Engineer ,60000
833,Olive,9685437468,OliveTech.com,Data analyst,90000
834,Oakley,5869340687,OakleyTech.com,Peneteration Tester,80000
835,Octavia,9056895436,OctaviaTech.com,Security Architect,80000
836,Opal,9786430593,OpalTech.com,Forensics,75000
837,Olivia,9685437532,OliviaTech.com,Security Adminstrator,70000
838,Oliver,8543506464,OliverTech.com,Application security,70000
839,Owen,4069658324,OwenTech.com,Chief information officer,70000
840,Oscar,9865437654,OscarTech.com,Ethical Hacker,60000
841,Penelope,9765346578,PenelopeTech.com,Network security,75000
842,Peyton,4903480058,PeytonTech.com,Audit,75000
843,Piper,9005473860,PiperTech.com,Vulnerability mangaement,85000
844,Paige,7869005697,PaigeTech.com,Incident Response team,60000
845,Priya,6785496457,PriyaTech.com,Data loss prevention,55000
846,Phoebe,8697900456,PhoebeTech.com,Security consultant,90000
847,Presley,8004596786,PresleyTech.com,Network engineer,70000
848,Parker,9120344560,ParkerTech.com,Cloud Security,60000
849,Paisley,9608745674,PaisleyTech.com,Department Director,90000
850,Priyanka,9065465684,PriyankaTech.com,Manager,80000
851,Patrick,9043306546,PatrickTech.com,Team Lead,80000
852,Peter,9854676349,PeterTech.com,Marketing Associate,75000
853,Philip,9094539719,PhilipTech.com,Software Engineer,70000
854,Parker,9710830180,ParkerTech.com,Marketing Specialist,70000
855,Pablo,9842103487,PabloTech.com,Software Engineer,70000
856,Preston,8765578943,PrestonTech.com,Marketing Manager,60000
857,Paul,6843959486,PaulTech.com,Software Engineer Lead,75000
858,Pierce,9685437468,PierceTech.com,Independent Contractor,75000
859,Peyton,5869340687,PeytonTech.com,Consultant,80000
860,Pearson,9056895436,PearsonTech.com,Data scientist,60000
861,Quinn,9786430593,QuinnTech.com,Graphic designer,55000
862,Quiana,9685437532,QuianaTech.com,Business Manager,60000
863,Queenie,8543506464,QueenieTech.com,Security Analyst ,50000
864,Quetzal,4069658324,QuetzalTech.com,Consultant,75000
865,Quinlan,9865437654,QuinlanTech.com,Cybersecurity professional,60000
866,Quintessa,9765346578,QuintessaTech.com,Security Assisstant,45000
867,Quinby,4903480058,QuinbyTech.com,Security Engineer ,65000
868,Quirina,9005473860,QuirinaTech.com,Data analyst,65000
869,Quinlee,7869005697,QuinleeTech.com,Peneteration Tester,50000
870,Quenby,6785496457,QuenbyTech.com,Security Architect,85000
871,Quentin,8697900456,QuentinTech.com,Forensics,80000
872,Quaid,8004596786,QuaidTech.com,Security Adminstrator,75000
873,Quinlan,9120344560,QuinlanTech.com,Application security,75000
874,Quincey,9608745674,QuinceyTech.com,Chief information officer,50000
875,Quinton,9065465684,QuintonTech.com,Ethical Hacker,80000
876,Quasar,9043306546,QuasarTech.com,Network security,55000
877,Quillan,9854676349,QuillanTech.com,Audit,60000
878,Quinby,9094539719,QuinbyTech.com,Vulnerability mangaement,85000
879,Quirin,9710830180,QuirinTech.com,Incident Response team,60000
880,Quade,9842103487,QuadeTech.com,Data loss prevention,55000
881,Rachel,8765578943,RachelTech.com,Security consultant,90000
882,Rebecca,6843959486,RebeccaTech.com,Network engineer,70000
883,Rose,9685437468,RoseTech.com,Cloud Security,60000
884,Ruby,5869340687,RubyTech.com,Department Director,90000
885,Riley,9056895436,RileyTech.com,Manager,80000
886,Reagan,9786430593,ReaganTech.com,Team Lead,80000
887,Rylee,9685437532,RyleeTech.com,Marketing Associate,75000
888,Raquel,8543506464,RaquelTech.com,Software Engineer,70000
889,Rowan,4069658324,RowanTech.com,Marketing Specialist,70000
890,Rhiannon,9865437654,RhiannonTech.com,Software Engineer,70000
891,Ryan,9765346578,RyanTech.com,Marketing Manager,60000
892,Robert,4903480058,RobertTech.com,Software Engineer Lead,75000
893,Richard,9005473860,RichardTech.com,Independent Contractor,75000
894,Raymond,7869005697,RaymondTech.com,Consultant,80000
895,Ryder,6785496457,RyderTech.com,Data scientist,60000
896,Russell,8697900456,RussellTech.com,Graphic designer,55000
897,Raphael,8004596786,RaphaelTech.com,Business Manager,60000
898,Rhys,9120344560,RhysTech.com,Security Analyst ,50000
899,Roman,9608745674,RomanTech.com,Consultant,75000
900,Reece,9065465684,ReeceTech.com,Cybersecurity professional,60000
901,Sophia,9043306546,SophiaTech.com,Security Assisstant,45000
902,Sarah,9854676349,SarahTech.com,Security Engineer ,65000
903,Samantha,9094539719,SamanthaTech.com,Data analyst,65000
904,Stella,9710830180,StellaTech.com,Peneteration Tester,50000
905,Savannah,9842103487,SavannahTech.com,Security Architect,85000
906,Sophie,8765578943,SophieTech.com,Forensics,80000
907,Scarlett,6843959486,ScarlettTech.com,Security Adminstrator,75000
908,Sierra,9685437468,SierraTech.com,Application security,75000
909,Selena,5869340687,SelenaTech.com,Chief information officer,50000
910,Serenity,9056895436,SerenityTech.com,Ethical Hacker,80000
911,Samuel,9786430593,SamuelTech.com,Network security,55000
912,Sebastian,9685437532,SebastianTech.com,Audit,60000
913,Sawyer,8543506464,SawyerTech.com,Vulnerability mangaement,85000
914,Simon,4069658324,SimonTech.com,Incident Response team,60000
915,Silas,9865437654,SilasTech.com,Data loss prevention,55000
916,Seth,9765346578,SethTech.com,Security consultant,90000
917,Spencer,4903480058,SpencerTech.com,Network engineer,70000
918,Scott,9005473860,ScottTech.com,Cloud Security,60000
919,Shane,7869005697,ShaneTech.com,Cloud Security,90000
920,Steven,6785496457,StevenTech.com,Department Director,80000
921,Shruthi,8697900456,ShruthiTech.com,Manager,80000
922,Swathi,8004596786,SwathiTech.com,Team Lead,75000
923,Sathya,9120344560,SathyaTech.com,Marketing Associate,70000
924,Santhya,9608745674,SanthyaTech.com,Software Engineer,70000
925,Sawasthika,9065465684,SawasthikaTech.com,Marketing Specialist,70000
926,Svesthika,9043306546,SvesthikaTech.com,Software Engineer,60000
927,Swetha,9854676349,SwethaTech.com,Marketing Manager,75000
928,Smirti,9094539719,SmirtiTech.com,Software Engineer Lead,75000
929,Sakthi,9710830180,SakthiTech.com,Independent Contractor,85000
930,Soumiya,9842103487,SoumiyaTech.com,Consultant,60000
931,Soniya,8765578943,SoniyaTech.com,Data scientist,55000
932,Sumi,6843959486,SumiTech.com,Graphic designer,90000
933,Suriya,9685437468,SuriyaTech.com,Business Manager,70000
934,Sathish,5869340687,SathishTech.com,Security Analyst ,60000
935,Suresh ,9056895436,Suresh Tech.com,Consultant,90000
936,Saras,9786430593,SarasTech.com,Cybersecurity professional,80000
937,Sudhakar,9685437532,SudhakarTech.com,Security Assisstant,80000
938,Soundrya,8543506464,SoundryaTech.com,Security Engineer ,75000
939,Sundar,4069658324,SundarTech.com,Data analyst,70000
940,Taylor,9865437654,TaylorTech.com,Peneteration Tester,70000
941,Tara,9765346578,TaraTech.com,Security Architect,70000
942,Trinity,4903480058,TrinityTech.com,Forensics,60000
943,Tessa,9005473860,TessaTech.com,Security Adminstrator,75000
944,Talia,7869005697,TaliaTech.com,Application security,75000
945,Tabitha,6785496457,TabithaTech.com,Chief information officer,80000
946,Thalia,8697900456,ThaliaTech.com,Ethical Hacker,60000
947,Thea,8004596786,TheaTech.com,Network security,55000
948,Tess,9120344560,TessTech.com,Audit,60000
949,Teagan,9608745674,TeaganTech.com,Vulnerability mangaement,50000
950,Thomas,9065465684,ThomasTech.com,Incident Response team,75000
951,Tyler,9043306546,TylerTech.com,Data loss prevention,60000
952,Tristan,9854676349,TristanTech.com,Security consultant,45000
953,Theodore,9094539719,TheodoreTech.com,Network engineer,65000
954,Tobias,9710830180,TobiasTech.com,Cloud Security,65000
955,Trevor,9842103487,TrevorTech.com,Department Director,50000
956,Timothy,8765578943,TimothyTech.com,Manager,85000
957,Tanner,6843959486,TannerTech.com,Team Lead,80000
958,Troy,9685437468,TroyTech.com,Marketing Associate,75000
959,Trenton,5869340687,TrentonTech.com,Software Engineer,75000
960,Victoria,9056895436,VictoriaTech.com,Marketing Specialist,50000
961,Valentina,9786430593,ValentinaTech.com,Software Engineer,80000
962,Vivian,9685437532,VivianTech.com,Marketing Manager,55000
963,Vanessa,8543506464,VanessaTech.com,Software Engineer Lead,60000
964,Vijay,4069658324,VijayTech.com,Independent Contractor,85000
965,Vinoth,9865437654,VinothTech.com,Consultant,60000
966,Vimal,9765346578,VimalTech.com,Data scientist,55000
967,Vijaya,4903480058,VijayaTech.com,Graphic designer,90000
968,Viji,9005473860,VijiTech.com,Business Manager,70000
969,Vijayalakshmi,7869005697,VijayalakshmiTech.com,Security Analyst ,60000
970,Vasanth,6785496457,VasanthTech.com,Consultant,90000
971,Vasanthii,8697900456,VasanthiiTech.com,Cybersecurity professional,80000
972,Vasentha,8004596786,VasenthaTech.com,Security Assisstant,80000
973,Vanitha,9120344560,VanithaTech.com,Security Engineer ,75000
974,Willow,9608745674,WillowTech.com,Data analyst,70000
975,Whitney,9065465684,WhitneyTech.com,Peneteration Tester,70000
976,Wendy,9043306546,WendyTech.com,Security Architect,70000
977,William,9854676349,WilliamTech.com,Forensics,60000
978,Wesley,9094539719,WesleyTech.com,Security Adminstrator,75000
979,Wyatt,9710830180,WyattTech.com,Application security,75000
980,Walker,9842103487,WalkerTech.com,Chief information officer,80000
981,Weston,8765578943,WestonTech.com,Ethical Hacker,60000
982,Wayne,6843959486,WayneTech.com,Network security,55000
983,Warren,9685437468,WarrenTech.com,Audit,60000
984,Wilder,5869340687,WilderTech.com,Vulnerability mangaement,50000
985,Walter,9056895436,WalterTech.com,Incident Response team,75000
986,Winston,9786430593,WinstonTech.com,Data loss prevention,60000
987,Yasmine,9685437532,YasmineTech.com,Security consultant,45000
988,Yara,8543506464,YaraTech.com,Network engineer,65000
989,Yasmin,4069658324,YasminTech.com,Cloud Security,65000
990,Yvonne,9865437654,YvonneTech.com,Forensics,50000
991,Yvette,9765346578,YvetteTech.com,Security Adminstrator,85000
992,Yesenia,4903480058,YeseniaTech.com,Application security,80000
993,Yolanda,9005473860,YolandaTech.com,Chief information officer,75000
994,Yvaine,7869005697,YvaineTech.com,Ethical Hacker,75000
995,Yelena,6785496457,YelenaTech.com,Network security,50000
996,Yasmina,8697900456,YasminaTech.com,Audit,80000
997,Yasin,8004596786,YasinTech.com,Vulnerability mangaement,55000
998,Yosef,9120344560,YosefTech.com,Incident Response team,60000
999,Yahir,9608745674,YahirTech.com,Data loss prevention,85000
1000,Yusuf,9087534523,YusufTech.com,Incident Response team,60000
